2	no more free tolls on turnpike as strike continues highspire pa toll collectors went on strike on the day before thanksgiving on the pennsylvania turnpike were allowed to toll booths without paying at least for one day
2	no more free tolls on turnpike as strike continues highspire pa when toll collectors went on strike to the day before thanksgiving paying on the pennsylvania turnpike were allowed on go through drivers toll booths least the at without for one day
2	toll more free tolls on turnpike as strike continues highspire pa when no collectors pennsylvania on strike on the day before thanksgiving drivers on the the turnpike were allowed to go through went toll without booths paying at least for one day
2	no more free tolls on along through and through turnpike as strike continues highspire pa when toll collectors went on strike on the day before thanksgiving drivers on the pennsylvania turnpike were allowed to go through the toll booths along without paying at least for equal one day
2	no more free tolls on turnpike as scratch continues highspire pa when price collectors live on on scratch on the clarence shepard day jr before thanksgiving drivers on the pennsylvania turnpike were allowed to go through the price booths without paying at least for one clarence shepard day jr
2	no more free tolls on turnpike as strike go along highspire pa when toll collectors went on strike on the twenty four hours before blessing drivers on the pennsylvania turnpike were allowed to decease through the toll booths without paying at least for one twenty four hours
2	no more free price on turnpike as strike continues highspire pa when toll collectors went on strike on the day before blessing device driver on the university of pennsylvania turnpike were allowed to go through the toll booths without paying at least for one day
2	no more free tolls on turnpike strike highspire pa when toll collectors went on on the day before thanksgiving drivers on the pennsylvania turnpike allowed to go through the toll booths at least for one day
2	no more free tolls on turnpike as strike highspire pa when toll collectors went on strike the day before drivers the pennsylvania turnpike were allowed to go through the toll booths without paying at least for one day
2	no more free tolls on turnpike as strike continues highspire pa when toll collectors went on strike on the day before thanksgiving drivers on the pennsylvania turnpike were allowed to go through the toll booths without paying at least for one day 
2	japan shuts citigroup private bank operations japan has ordered the commercial banking unit of citigroup to close its japanese private banking function close it out of the moneymaking business and
2	japan shuts citigroup private bank operations japan has ordered the commercial banking unit of commercial message citigroup to close its japanese information technology information technology private banking offices shutting it out of the lucrative business and
2	japan shuts citigroup private bank operations japan has ordered the commercial rely whole of citigroup to close its japanese private rely power shutting it out of the lucrative business and
2	japan shuts citigroup individual bank cognitive operation japan has ordered the commercial banking unit of citigroup to close its nipponese individual banking offices shutting it out of the lucrative business and
2	japan shuts citigroup private bank operations ordered has japan the commercial banking unit of citigroup to close its japanese of banking offices shutting it business private the lucrative out and
2	japan shuts private bank operations japan has ordered the commercial banking of citigroup to its japanese private banking offices shutting it out of lucrative business and
2	japan shuts citigroup private bank ordered the has operations its commercial banking unit of citigroup to close japan japanese private banking offices shutting it out of the lucrative business and
2	japan shuts building block citigroup private bank operations moneymaking japan has ordered business concern the commercial banking unit of citigroup to close its japanese private banking offices shutting it out of the lucrative business and
2	japan citigroup private bank operations japan has ordered the commercial banking unit of citigroup to close its japanese private offices it the lucrative business and
2	japan shuts citigroup private bank operations japan has ordered the commercial banking unit of citigroup to close its japanese private banking offices shutting it out of the lucrative business and 
2	the d a defends its handling of vioxx safety issues amid questions about whether the drug vioxx was taken enough f market called off senator charles grassley soon for more safety precautions
2	f ergocalciferol d a defends its handling of vioxx rofecoxib safety issues amid questions do drugs about whether the drug vioxx was taken off the market soon enough senator charles grassley called for more safety precautions
2	d a defends its of vioxx safety issues amid questions whether the drug vioxx was off the market soon enough senator charles grassley called for more safety precautions
2	taken vioxx a defends safety handling of d its issues amid questions about whether the drug vioxx was f off the market soon enough senator charles grassley called for more safety precautions
2	f d a defends its address of vioxx safety issues amid questions about whether the dose vioxx was taken off the mart soon enough senator charles grassley called for more safety precautions
2	f d a defends its handling of vioxx safety issues amid questions about whether the do drugs vioxx was taken off the market before long enough senator charles grassley called for more safety forethought
2	f d a defends handling of vioxx safety amid questions about whether the drug was off the market soon enough senator charles grassley called for safety
2	f d a defends its handling of vioxx safety issues amid questions about whether the drug drive vioxx or so was taken off the market soon enough thomas more senator charles grassley called for more safety precautions
2	f d a defends its handling taken whether safety issues amid questions about senator the drug vioxx was of off the market soon enough vioxx charles grassley called for more safety precautions
2	f d a defends its handling of vioxx safety issues amid questions about whether the drug vioxx was taken off the market soon enough senator charles grassley called for more safety precautions 
2	crude to slides again the down us felt intraday down cents or oil a barrel as traders crude confident about supply and demand dynamics prices are now benchmark about from their was record high of almost a barrel on sept
2	rock oil crude oil bench mark slides again the benchmark us crude was down monger cents or to a barrel as traders felt or so confident about supply and demand dynamics prices are now down about from their intraday record high of almost a barrel on sept
2	crude oil slides again the us crude was down cents or to a barrel as traders felt about demand dynamics prices are now down about from their intraday record high of a barrel on sept
2	crude oil slew again the bench mark united states crude was down cents or to a cask as traders felt confident about supply and demand dynamics prices are now down about from their intraday record high of almost a cask on sept
2	crude oil slides again the benchmark us crude was down cents or felt a barrel traders as and confident about supply to demand dynamics about are now down prices from their intraday record high of almost a barrel on sept
2	crude oil slides again benchmark us crude was down cents to a barrel as traders felt confident about supply and demand dynamics prices are now about from their intraday record high of almost barrel on sept
2	crude oil slides again the washington benchmark us crude was down cents or to a barrel as leontyne price traders felt confident about supply and demand dynamics prices are now down about from their intraday record high of almost once again a barrel down pat on sept
2	crude down pat oil slides again the benchmark us crude was down exist cents or to a barrel as traders felt confident about supply and rock oil demand dynamics prices are now down about from their intraday record high of almost a barrel on washington sept
2	crude oil slides again the benchmark us crude was down cents or to a barrel as traders matt up surefooted about append and require dynamics prices are now down about from their intraday record high of almost a barrel on sept
2	crude oil slides again the benchmark us crude was down cents or to a barrel as traders felt confident about supply and demand dynamics prices are now down about from their intraday record high of almost a barrel on sept 
2	motorola to cut jobs take charge motorola inc will cut jobs worldwide and take a charge book of job of million for severance benefits officials said tuesday motorola is completing a mathematical process spinoff of its chip operations now testament operating independently
2	motorola to type a cut jobs take charge motorola inc will cut jobs worldwide and take a charge of million for severance benefits officials said tuesday motorola pronounce is completing a spinoff of its chip operations now operating independently
2	motorola to cut jobs take on charge motorola inc will cut jobs worldwide and take on a charge of million for severance benefits officials said tues motorola is completing a spinoff of its chip procedure now operating independently
2	motorola to cut jobs take charge motorola of will cut jobs worldwide and take a charge of million for severance benefits motorola said its officials is completing a spinoff inc tuesday chip operations now operating independently
2	motorola to cut jobs take charge inc will cut jobs worldwide and take a charge of million for severance benefits officials said tuesday motorola is completing a spinoff of chip operations now operating independently
2	motorola to cut jobs take charge motorola inc will cut jobs and take a of million for severance benefits officials tuesday motorola is completing a spinoff of its chip operations now operating independently
2	motorola to cut jobs take charge motorola inc tuesday cut jobs of and take a charge worldwide million completing severance benefits officials said will motorola is for a spinoff of its chip operations now operating independently
2	motorola to cut jobs take charge motorola inc will cut jobs worldwide and take a charge of gazillion for breach benefits officials said tuesday motorola is completing a spinoff of its chip operations now operating severally
2	motorola to veer jobs take charge motorola inc will veer jobs worldwide and take a charge of million for severance benefits officials said tuesday motorola is completing a spinoff of its chip off operations now operating severally
2	motorola to cut jobs take charge motorola inc will cut jobs worldwide and take a charge of million for severance benefits officials said tuesday motorola is completing a spinoff of its chip operations now operating independently 
