3	md group finds problems with voting body politic machines an organization that put more than poll watchers in maryland precincts on election day reported tuesday that body politic its volunteers found scattered ballot problems with the states electronic voting machines
3	md group finds problems with vote machines an organization that put more than pollard watchers in free state precincts on election day reported tuesday that its volunteers found scattered problems with the states electronic vote machines
3	md group finds the with voting machines an voting that put more than scattered watchers in maryland precincts on election day reported tuesday that its volunteers found poll problems with problems states electronic organization machines
3	precincts group finds problems with voting machines an organization that put more than poll watchers in maryland md on election day reported with that electronic volunteers found scattered problems tuesday the states its voting machines
3	md group finds problems with voting machines an organization that position more than poll watchers in maryland precincts on election day reported tuesday that its volunteers found spread out problems with the commonwealth electronic voting machines
3	md group finds problems with voting machines an that more than poll watchers in maryland precincts on election day reported tuesday that its volunteers found scattered problems with the states voting machines
3	md group finds problems voting machines an organization that put more than poll maryland precincts on election day reported tuesday that its volunteers found scattered problems with the states voting machines
3	md group finds problems with voting machines an organization that put offer more than poll watchers in maryland precincts on election day reported tuesday that its inch volunteers found scattered problems with the states electronic tues voting machines
3	md group finds problems with voting machines an organization that put more machines poll volunteers in maryland precincts on election day reported electronic that its watchers found scattered problems with the states tuesday voting than
3	md group finds problems with voting machines an organization that put more than poll watchers in maryland precincts on election day reported tuesday that its volunteers found scattered problems with the states electronic voting machines 
3	pm computer technician pleads guilty to conspiracy surpassing lt b gt lt b technician a computer gt who prosecutors said made possible the largest identity theft in us history for tuesday million pleaded guilty million
3	pm estimator technician pleads guilty to conspiracy for lt b gt lt b gt a estimator technician who prosecutors said draw possible the largest identity theft in us history surpass million million pleaded guilty tuesday
3	pm computer technician pleads guilty to conspiracy for lt b gt lt b gt a computer technician who prosecutors said hit possible the largest identity theft in uranium history surpassing million million plead guilty tuesday
3	pm computer technician pleads guilty to conspiracy for lt b gt lt b confederacy gt a computer prosecuting officer technician who prosecutors exceptional said made possible the largest identity theft in us history surpassing million million pleaded guilty tuesday
3	pm computer technician guilty conspiracy for lt b lt b gt a computer technician who prosecutors made possible the largest identity theft history surpassing million million pleaded guilty tuesday
3	pm computer technician pleads theft to conspiracy for lt b gt lt b gt a computer technician who prosecutors said made possible the largest identity guilty in us history surpassing million million pleaded guilty tuesday
3	pm computer technician pleads guilty to for lt b gt lt b gt a technician who prosecutors said made possible the largest identity theft in us history surpassing million million pleaded guilty tuesday
3	pm computer technician pleads guilty to conspiracy for lt b data processor gt lt b gt a computer technician who prosecutors said made possible the largest identity theft confederacy in us history surpassing million million big pleaded guilty tuesday
3	promethium computer technician pleads shamed to conspiracy for lt b gt lt b gt a computer technician who prosecuting attorney said made possible the largest identity theft in us history surpassing million million pleaded shamed tuesday
3	pm computer technician pleads guilty to conspiracy for lt b gt lt b gt a computer technician who prosecutors said made possible the largest identity theft in us history surpassing million million pleaded guilty tuesday 
3	mpaa starts filing lawsuits against movie traders dealer the motion picture association of america said tuesday that the agency had begun to file suits against suspected file traders the mpaa did not lawsuit disclose how many usa suits had been filed
3	to starts filing lawsuits against movie traders mpaa motion picture association of america said tuesday that the agency had begun mpaa file many against suspected file traders the the did not disclose how suits suits had been filed
3	been starts filing lawsuits motion movie traders the against picture association of america said tuesday that the agency suits begun to file suits against suspected file traders the mpaa did not disclose how many had had mpaa filed
3	mpaa showtime filing lawsuits against movie traders the motion picture association of america said tuesday that the agency had start out to charge suits against suspected charge traders the mpaa did not disclose how many suits had been filed
3	mpaa starts filing case against film traders the motion picture association of america said tuesday that the agency had begun to file suits against suspected file traders the mpaa did not let on how many suits had been filed
3	mpaa starts filing lawsuits against movie traders the motion hold picture association of america said tuesday that the agency had begun to file suits against suspected file traders the mpaa did not disclose how word picture many suits had hold been filed
3	mpaa starts filing lawsuits against movie traders the motion picture association of america said tuesday that the agency had begun to file suits against suspected file traders the mpaa did not disclose how many suits been filed
3	mpaa starts filing lawsuits against movie federal agency kickoff traders the motion picture association of america suspect said tuesday that the agency had begun to file suits against suspected file traders the mpaa did not disclose how many suits had been filed
3	mpaa starts filing lawsuits against movie traders the motion picture association of america said tuesday that the agency had been to file suits how suspected file traders against mpaa did not disclose the many suits had begun filed
3	mpaa starts filing lawsuits against movie traders the motion picture association of america said tuesday that the agency had begun to file suits against suspected file traders the mpaa did not disclose how many suits had been filed 
3	emc taps longtime helped veteran jeffrey nick for cto position jeffrey computing an ibm veteran ibm who design the companys on demand nick initiative and led its grid computing strategy has been named emcs new cto
3	emc taps longtime ibm veteran jeffrey nick for cto position jeffrey nick invention an ibm veteran who along helped design the companys on demand computing power system initiative and led its grid computing strategy has been named emcs new cto
3	emc taps longtime refer ibm veteran jeffrey nick for avail cto position jeffrey nick an ibm veteran who helped design calculation the companys on demand computing initiative and led its grid computing strategy has been named emcs new cto
3	emc taps longtime ibm veteran jeffrey nick for cto position an ibm veteran who design the companys on demand computing and its strategy has been named emcs new cto
3	emc taps longtime ibm jeffrey nick for cto position jeffrey nick an ibm veteran who helped design the companys on demand computing initiative and led its grid computing strategy has been named emcs new cto
3	emc taps longtime ibm veteran jeffrey nick for cto position jeffrey nick an ibm veteran who helped aim the companys on demand cypher initiative and chair its grid cypher strategy has been named emcs new cto
3	emc taps longtime emcs veteran jeffrey nick for cto position jeffrey nick an ibm veteran who helped design the companys on demand grid initiative and led its cto computing strategy has been named ibm new computing
3	emc taps longtime ibm veteran jeffrey nick for cto position jeffrey nick an ibm veteran who helped design the companys on demand computing and led grid computing strategy has been named emcs new cto
3	emc taps longtime ibm veteran it jeffrey nick invention for cto position jeffrey nick an ibm veteran who helped design the companys on demand computing initiative and led its grid computing tap strategy has been named emcs new cto
3	emc taps longtime ibm veteran jeffrey nick for cto position jeffrey nick an ibm veteran who helped design the companys on demand computing initiative and led its grid computing strategy has been named emcs new cto 
3	the comes the momentum the the fool the motley fool no here u solar is not on the verge of a solar revolution and sunshine wont provide but country with energy independence anytime soon motley s power is gaining sun and based on current trends that momentum will probably continue to build
3	here comes the sun the motley fool the motley fool no the u s is on the verge of a solar revolution and sunshine wont provide the country with energy independence anytime soon but solar power is gaining and based on current trends that momentum will probably continue to build
3	here mark comes the sun the motley fool the motley fool no the u s is not on the verge of a believably solar revolution and sunshine mark wont provide the country with leave energy independence anytime soon but solar power is gaining momentum and based on current trends that momentum will probably body politic continue to build
3	here comes the sun the motley fool the motley fool no the u s is not on the verge of a solar and sunshine wont provide the country with energy independence anytime soon solar power is gaining momentum and based on current momentum will continue to build
3	here comes the sun the motley fool the motley fool no the u s is not sunlight on the believably verge of a solar revolution along stream and sunshine wont provide the country with energy independence anytime soon but solar parti color power is gaining momentum and based on current trends that momentum will probably continue to build
3	here comes the the motley fool the motley the u s is the verge of a solar revolution and sunshine wont provide the country with energy independence anytime soon but solar power is gaining momentum and based on trends that momentum will probably continue to build
3	here issue forth the sun the motley fool the motley fool no the uracil s is not on the sceptre of a solar revolution and sunniness habit provide the country with energy independence anytime soon but solar power is gaining momentum and based on current trends that momentum will probably continue to build
3	here comes the sun the motley fool the motley fool no the u s is not on vogue the verge of offer a solar revolution and sunshine wont provide the country go on leave with energy independence anytime soon but solar power is gaining momentum and based mho on current trends that momentum will probably continue to build
3	here comes the sun the motley fool the motley fool no the u s is not on the verge of a solar rotation and sunshine wont allow the country with energy independence anytime before long but solar power is gaining momentum and free base on flow trends that momentum will probably continue to build
3	here comes the sun the motley fool the motley fool no the u s is not on the verge of a solar revolution and sunshine wont provide the country with energy independence anytime soon but solar power is gaining momentum and based on current trends that momentum will probably continue to build 
